{
  "auc": 0.9999846275052363,
  "pr_auc": 0.9999951114385177,
  "f1": 0.9987236758136566
}