{
  "auc": 0.9702275624224673,
  "pr_auc": 0.9522918115683134,
  "f1": 0.974020808474115
}