{
  "mae": 0.8057367376194206,
  "rmse": 10.150940524121308,
  "mape": 0.18192983108206168
}